epoch,train_loss,train_acc,val_loss,val_acc
1,2.098636,0.243902,1.996504,0.3
2,2.062143,0.170732,1.939469,0.2
3,2.032519,0.146341,1.970559,0.3
4,2.02885,0.195122,2.035695,0.1
5,2.025586,0.207317,2.020813,0.3
6,2.029475,0.195122,1.96134,0.3
7,1.987502,0.134146,1.958653,0.2
8,1.984027,0.231707,1.975579,0.1
9,1.980314,0.231707,1.976301,0.3
10,1.985205,0.207317,1.976397,0.3
