epoch,train_loss,train_acc,val_loss,val_acc
1,2.256015,0.121951,1.882446,0.3
2,2.206536,0.121951,2.127331,0.3
3,2.126631,0.182927,2.07669,0.2
4,2.060592,0.170732,1.981751,0.1
5,2.064697,0.182927,1.938032,0.2
6,2.020919,0.195122,2.011535,0.3
7,2.015567,0.207317,1.982795,0.1
8,1.995567,0.170732,1.985275,0.3
9,1.98166,0.207317,1.982413,0.3
10,1.97771,0.219512,1.981011,0.3
