epoch,train_loss,train_acc,val_loss,val_acc
1,2.060828,0.146341,2.029437,0.3
2,2.03089,0.134146,2.029331,0.3
3,2.028292,0.207317,2.028285,0.3
4,2.028427,0.207317,2.023833,0.3
5,2.034316,0.207317,2.025797,0.3
6,2.02809,0.207317,2.027028,0.3
7,2.027886,0.207317,2.024978,0.3
8,2.026956,0.207317,2.023251,0.3
9,2.026345,0.207317,2.021259,0.3
10,2.025778,0.207317,2.020726,0.3
